query,timestamp
coffee,2025-02-24 17:42:09.680294+00
book stores,2025-02-24 17:24:13.205734+00
cheap happy hour cute,2025-02-24 16:55:03.780006+00
brunch,2025-02-24 15:00:34.035967+00
breakfast,2025-02-24 14:08:58.012146+00
bookstore,2025-02-24 00:45:32.810339+00
cafe,2025-02-23 21:31:11.926728+00
burger,2025-02-23 21:11:17.974419+00
chinese food,2025-02-23 21:10:33.082327+00
cafe to cowork from,2025-02-23 21:04:30.898488+00
berlin,2025-02-23 19:47:36.684654+00
coffee cafe,2025-02-23 19:03:05.22628+00
cheap,2025-02-23 19:00:15.847531+00
cafes that allow dogs where i can work,2025-02-23 17:18:54.708841+00
cafes that allow dogs,2025-02-23 17:18:31.172811+00
cafe to work from,2025-02-23 16:16:14.018914+00
cafe in williamsburg,2025-02-23 16:06:31.024429+00
coffee friends,2025-02-23 15:43:33.832235+00
coffee hang out,2025-02-23 15:42:43.684189+00
bakery,2025-02-23 15:21:14.146922+00
asian,2025-02-23 15:00:29.412495+00
ando,2025-02-23 14:37:48.845288+00
bagel,2025-02-23 14:31:19.338972+00
cinema,2025-02-23 14:25:25.403481+00
biscuit,2025-02-23 07:09:38.419863+00
billiards,2025-02-23 03:13:48.17134+00
birthday bar,2025-02-23 03:00:21.6836+00
cheap drinks bars,2025-02-23 02:52:58.570448+00
birthday party,2025-02-23 02:51:31.878488+00
bar,2025-02-23 02:24:33.378478+00
ava brew,2025-02-23 02:05:21.589585+00
boba,2025-02-23 01:39:53.31849+00
chai,2025-02-23 01:35:04.753427+00
asian mart,2025-02-22 22:56:04.363587+00
cozy date night,2025-02-22 22:18:24.603542+00
bar east village,2025-02-22 22:17:11.428082+00
casual dinner date,2025-02-22 21:36:46.791861+00
bagels,2025-02-22 20:32:46.691745+00
coffee with vibe,2025-02-22 20:20:34.644992+00
cozy third space,2025-02-22 19:35:54.343355+00
antique,2025-02-22 18:54:36.683108+00
cool cafes,2025-02-22 18:38:44.053407+00
burrito,2025-02-22 17:52:42.049703+00
asian noms,2025-02-22 16:54:18.546282+00
clothing,2025-02-22 15:13:01.698504+00
cool dinner,2025-02-22 15:09:12.659758+00
aesthetic restaurant,2025-02-22 13:25:44.827615+00
cacao chocolate,2025-02-22 13:12:18.31642+00
cacao,2025-02-22 13:09:10.239246+00
caca,2025-02-22 13:02:17.199225+00
ceremonial cacao,2025-02-22 13:00:04.371094+00
athenaeum,2025-02-22 06:37:57.069663+00
chelsea bar date drinks,2025-02-22 04:58:09.273307+00
bar in the west village that will be chill on a friday night but good drinks,2025-02-22 02:02:46.133544+00
cafes that are vibey but not crowded,2025-02-21 23:09:31.29566+00
cafes that are good to work at,2025-02-21 23:06:19.789178+00
best asian food,2025-02-21 23:01:06.122759+00
chill date night cocktail,2025-02-21 22:28:44.81197+00
cafes open late,2025-02-21 22:23:10.042412+00
cocktail bar,2025-02-21 19:02:50.388484+00
coffee west village nyc,2025-02-21 18:21:22.56582+00
books,2025-02-21 17:44:46.538486+00
book store,2025-02-21 17:43:02.321913+00
book,2025-02-21 17:41:57.752804+00
bookstores,2025-02-21 17:41:11.954514+00
aesthetic brunch,2025-02-21 17:30:47.724411+00
brunch greenpoint,2025-02-21 17:30:21.841771+00
activity date,2025-02-21 16:58:38.213512+00
chill date night,2025-02-21 16:56:01.747496+00
birthday cake,2025-02-21 12:58:18.09009+00
cafes to work from,2025-02-21 12:41:28.544169+00
cafe with wifi and natural light,2025-02-21 07:21:52.169938+00
cheap drinks good vibe,2025-02-21 04:59:56.004439+00
cafes open at 7am,2025-02-21 04:35:44.395748+00
cafes that open at 7am,2025-02-21 04:25:34.936908+00
audiophile,2025-02-21 02:33:59.068518+00
coffee shop,2025-02-20 16:54:18.498321+00
big group,2025-02-20 07:00:41.928509+00
coffee open late,2025-02-20 03:09:57.991435+00
brunch date,2025-02-19 23:38:53.043937+00
24/7 deli,2025-02-19 17:03:07.792303+00
bakeries,2025-02-19 15:52:49.038292+00
aesthetic italian,2025-02-19 12:16:09.255126+00
bougie,2025-02-19 07:10:48.818401+00
cafes to work,2025-02-19 05:08:24.171287+00
chinese,2025-02-19 03:51:58.949162+00
cafe that turn into bars,2025-02-19 03:49:02.931108+00
catching up with a friend,2025-02-19 03:24:40.546583+00
croissant,2025-02-19 00:31:21.618423+00
bangkok,2025-02-18 22:44:17.856186+00
birthday cards,2025-02-18 22:32:28.669814+00
chelsea f,2025-02-18 19:51:17.442279+00
astoria,2025-02-18 19:43:17.548492+00
antique stores,2025-02-18 19:40:08.288017+00
cafe to work,2025-02-18 17:24:41.610226+00
cozy cafe,2025-02-18 17:15:21.188952+00
beer tap dive bars,2025-02-18 14:31:23.944075+00
cheap jazz bars,2025-02-18 05:36:47.941788+00
caribbean,2025-02-18 02:01:29.773939+00
bars,2025-02-18 00:35:52.913922+00
art cafe,2025-02-18 00:24:29.08819+00
38 street,2025-02-17 23:19:01.209873+00
cafes,2025-02-17 22:19:38.14998+00
aesthetic bar,2025-02-17 17:53:26.442973+00
comfy bar,2025-02-17 17:52:53.050766+00
chill coffee,2025-02-17 17:24:27.586195+00
cafe with internet,2025-02-17 16:49:11.31632+00
cafes to read,2025-02-17 16:15:17.49262+00
bedroom6,2025-02-17 13:24:01.152844+00
art,2025-02-17 06:39:34.41345+00
brunch with a friend,2025-02-17 01:34:07.228489+00
cozy brunch,2025-02-17 00:41:23.953506+00
chill cafe,2025-02-17 00:40:05.098506+00
coffee shops to work,2025-02-16 23:04:07.293614+00
asian food,2025-02-16 21:55:33.718494+00
coffee shops upper east side,2025-02-16 21:14:49.035596+00
chelsea,2025-02-16 21:08:25.121402+00
cozy night with games,2025-02-16 18:13:08.277134+00
cozy night,2025-02-16 18:11:49.513109+00
cozy,2025-02-16 18:11:31.726364+00
breakfast in brooklyn,2025-02-16 03:19:02.998096+00
burlesque,2025-02-16 02:06:51.327489+00
candy,2025-02-15 19:23:22.530363+00
clothing store,2025-02-15 16:09:21.283489+00
art galleries,2025-02-15 13:45:40.016796+00
coffee shops,2025-02-15 13:23:46.753141+00
bar mulberry,2025-02-15 04:25:26.708162+00
bar that plays the talking heads,2025-02-15 02:04:35.314632+00
club,2025-02-14 21:48:40.918157+00
cafes for work,2025-02-14 18:51:32.137389+00
blt sandwich,2025-02-14 17:30:30.144758+00
blt sandwhich,2025-02-14 17:30:10.688489+00
birthday,2025-02-14 14:50:01.678852+00
cat cafe,2025-02-14 14:45:35.289227+00
activities,2025-02-14 14:22:43.00276+00
coffe,2025-02-14 04:05:53.763134+00
brass,2025-02-13 22:28:53.76217+00
chill,2025-02-13 19:58:30.511946+00
breakfast sandwich,2025-02-13 09:16:13.638159+00
blt,2025-02-13 04:10:09.332809+00
cote,2025-02-13 03:14:16.295466+00
cool wine bar,2025-02-13 00:52:32.143823+00
brow,2025-02-13 00:28:25.768498+00
cozy thai,2025-02-12 22:28:36.151995+00
breakdast,2025-02-12 17:25:25.836326+00
claytonbass,2025-02-12 11:22:57.720806+00
actually good food,2025-02-11 19:03:40.763623+00
cheap lunch,2025-02-11 18:22:49.017934+00
cheap food,2025-02-11 18:22:01.642116+00
brunch in greenpoint or williamsburg,2025-02-11 16:47:46.199767+00
brooklyn br,2025-02-11 15:37:57.247154+00
boba new york,2025-02-11 05:10:52.958248+00
cheap chinese,2025-02-10 20:57:02.670275+00
birthday dinner,2025-02-10 20:48:33.756185+00
chocolate,2025-02-10 03:54:12.440945+00
911,2025-02-09 15:32:20.197424+00
12 w 21st st,2025-02-09 11:50:50.290789+00
chicken wings,2025-02-09 00:25:26.605048+00
cool mens clothes,2025-02-08 23:39:00.84847+00
bookstore that sells play scripts,2025-02-08 23:16:12.14724+00
bode,2025-02-08 18:28:16.928486+00
cofee,2025-02-08 17:46:15.554196+00
book cafe,2025-02-08 13:34:25.451949+00
best food in new york,2025-02-08 07:51:08.654945+00
10541,2025-02-08 04:41:55.688551+00
44319,2025-02-08 04:40:54.716808+00
classic manhattan brunch,2025-02-08 03:28:52.190275+00
brunch soho,2025-02-08 01:59:32.697976+00
afternoon tea,2025-02-07 22:51:28.682772+00
afternoon tes,2025-02-07 22:51:26.768982+00
asian restaurant,2025-02-07 17:23:52.058489+00
claro,2025-02-07 01:24:26.929087+00
coffee shop wifi,2025-02-06 18:19:28.187441+00
cafes that turn into bars,2025-02-06 07:04:33.140719+00
aesthetic dinner,2025-02-06 04:38:47.187813+00
bad roman,2025-02-06 02:43:04.338496+00
casual,2025-02-06 02:20:04.11131+00
cake,2025-02-05 22:44:33.833798+00
brunch in west village,2025-02-05 20:53:45.795948+00
birthday celebration,2025-02-05 16:32:45.940223+00
brasserie,2025-02-05 00:58:43.620896+00
525,2025-02-04 15:14:20.618792+00
cava,2025-02-04 13:23:43.517065+00
cassia,2025-02-04 04:43:09.157404+00
balkan coffee shop,2025-02-03 22:44:42.102734+00
activity,2025-02-03 20:34:46.557905+00
bbq,2025-02-03 18:46:10.830558+00
adrogynous fashion,2025-02-03 05:00:16.213328+00
cafe to work at,2025-02-02 20:12:46.978486+00
cafes near stuytown,2025-02-02 18:38:12.691717+00
cool bar,2025-02-02 16:46:32.379397+00
bar v,2025-02-02 12:33:29.808198+00
450 e 20th st,2025-02-02 05:22:18.594598+00
2nd street,2025-02-01 23:41:57.242873+00
climb,2025-02-01 23:17:51.357397+00
bouldering,2025-02-01 23:17:33.737542+00
climbing,2025-02-01 23:16:44.997179+00
cheap eats,2025-02-01 22:22:35.412256+00
coffees to work,2025-02-01 20:09:59.435909+00
chill japanese restaurants,2025-02-01 19:35:33.592506+00
chill restaurants,2025-02-01 19:35:22.074763+00
classic,2025-02-01 02:41:37.867503+00
cafe for work,2025-01-31 20:22:10.868132+00
chinatown coffee shop,2025-01-31 19:46:10.516097+00
chinatown nreakfast,2025-01-31 14:26:53.040274+00
best bars,2025-01-31 01:33:03.504067+00
coffee date,2025-01-30 22:42:35.308486+00
coffee date chelsea,2025-01-30 22:42:21.915586+00
cafe west village,2025-01-30 16:59:16.458754+00
bird,2025-01-30 15:11:37.987313+00
birdie,2025-01-30 15:11:20.361063+00
blue bottle,2025-01-29 20:17:58.273463+00
bar for casual drink worh friend,2025-01-28 23:30:51.110156+00
casual dinner,2025-01-28 14:02:31.557927+00
arts,2025-01-27 16:51:01.134999+00
arts and crafts,2025-01-27 16:50:52.422238+00
crafts with friends,2025-01-27 16:50:38.2585+00
crafts,2025-01-27 16:50:24.316235+00
authentic chinese food,2025-01-27 16:15:00.885684+00
bookshops,2025-01-26 18:56:12.158489+00
carlos,2025-01-26 05:12:19.600326+00
8 bits bites,2025-01-26 05:03:58.668079+00
aesthetic date night wine bar,2025-01-25 22:26:50.528277+00
cafes to work from with wifi,2025-01-25 22:21:56.657939+00
best dim sum,2025-01-25 19:11:08.708491+00
cozy coffee shop,2025-01-25 16:36:01.625708+00
ace’s,2025-01-25 14:35:03.26914+00
clubs to dance at,2025-01-25 05:02:08.362127+00
coff,2025-01-25 04:48:57.553062+00
best indian restaurant,2025-01-25 00:32:33.024752+00
brunch flatiron,2025-01-24 13:58:31.873972+00
bars with space for a group,2025-01-23 23:13:33.82223+00
bread baskets,2025-01-22 23:46:14.109635+00
big group dinner,2025-01-22 16:56:34.41849+00
banchan by sunny,2025-01-22 04:44:12.192912+00
cozy cafe read,2025-01-21 20:17:13.804855+00
cozy cafe work,2025-01-21 20:16:50.676343+00
coworking,2025-01-21 14:44:13.998486+00
casual dinner with friends trendy,2025-01-21 01:45:30.122746+00
bar orai,2025-01-19 22:30:57.346069+00
cocktails,2025-01-19 01:01:55.055335+00
american diner,2025-01-18 14:28:47.055255+00
cheap dinner,2025-01-16 17:07:21.127203+00
chinatown lunch,2025-01-16 16:06:37.475633+00
asian noodles,2025-01-15 22:54:30.28756+00
brennasl,2025-01-15 18:13:21.313705+00
craft beer,2025-01-15 13:02:20.970483+00
cafes open really early,2025-01-15 03:43:27.928291+00
cool vintage shops,2025-01-14 15:06:37.521165+00
cool girl fashion,2025-01-14 15:06:03.013763+00
brunch near 121 east 22nd,2025-01-14 14:21:45.339625+00
chinato,2025-01-14 03:46:53.781126+00
cozy breakfast,2025-01-14 03:13:12.542703+00
chill solo activity,2025-01-12 18:58:29.563381+00
614 movie night,2025-01-12 14:55:05.800787+00
caesar salad wrap,2025-01-11 16:43:32.498267+00
cozy restaurants,2025-01-11 15:29:41.071547+00
classy bars,2025-01-11 15:17:06.318494+00
barbershop,2025-01-10 20:25:37.54371+00
cozy cocktail bar,2025-01-09 19:54:54.299626+00
bridesmaid proposal nyc,2025-01-05 05:15:46.778341+00
brunch in greenpoint,2025-01-04 15:10:27.624304+00
coffeeshop to work from,2025-01-03 02:31:56.93857+00
best lunch,2025-01-02 03:55:18.224038+00
best coffee,2025-01-02 03:54:25.862837+00
black sesame latte,2025-01-02 03:53:38.418846+00
casual dinner with family,2025-01-02 00:36:24.881776+00
coffe shop,2025-01-01 19:22:22.437202+00
bar to hang out on new years eve,2025-01-01 00:03:05.10195+00
"casual dinner spot in the west village, nyc",2024-12-31 22:37:21.038101+00
clubs,2024-12-31 13:39:46.65769+00
azalea ristorane,2024-12-30 04:00:09.830632+00
baburtoo,2024-12-29 01:03:11.535+00
classy,2024-12-28 20:27:37.979514+00
asain takeout,2024-12-28 03:36:46.949694+00
christmas,2024-12-27 05:29:51.980879+00
coffee shop to work from,2024-12-25 19:38:20.931759+00
"aunty sue, 1472-4 kobayashi, inzai, chiba 270-1318",2024-12-22 13:10:47.248695+00
catch,2024-12-22 00:02:03.610899+00
bars uptown,2024-12-21 17:02:59.419474+00
bar old new york,2024-12-21 16:54:01.506454+00
brunch near flatiron,2024-12-21 16:02:14.388501+00
cozy dinner,2024-12-20 03:41:10.116602+00
christmas vibes lower east side,2024-12-20 00:48:33.682811+00
cocktail,2024-12-19 23:40:06.948058+00
christmas bar,2024-12-17 22:33:55.014687+00
cocktails soho,2024-12-15 20:18:00.873611+00
apartment,2024-12-15 16:28:27.163707+00
cowork,2024-12-14 16:49:22.004582+00
cosy bar,2024-12-14 01:33:28.141226+00
cellar dog,2024-12-13 05:24:19.666372+00
best bakeries in nyc,2024-12-09 23:51:59.968823+00
best donuts,2024-12-09 20:35:44.229693+00
cool ambiance,2024-12-09 10:48:50.756639+00
cool ambianc,2024-12-09 10:48:48.259341+00
affordable lunch spots with cool vibes,2024-12-09 05:39:20.605968+00
affordable lunch spots with cool vibes in manhattan,2024-12-09 05:36:26.946137+00
asian pastry,2024-12-08 05:35:18.715854+00
cold day,2024-12-08 05:34:26.92896+00
action bronson,2024-12-07 17:29:26.406563+00
bowling,2024-12-07 04:54:55.179633+00
aatoria,2024-12-07 04:53:02.92653+00
cdmx,2024-12-07 04:27:52.036309+00
cozy bar with live music,2024-12-07 00:57:55.549692+00
cozy bar,2024-12-07 00:57:28.736386+00
cafes to work out of,2024-12-06 19:47:23.121539+00
cool date night cocktail bar,2024-12-05 03:13:44.461257+00
cool date night,2024-12-05 03:13:26.974514+00
abes pagoda bar,2024-12-04 17:42:23.148364+00
corner store,2024-12-04 05:32:24.472588+00
clinton,2024-12-04 05:25:46.883928+00
asian inspired bars,2024-12-03 19:48:28.091402+00
chinese peking duck,2024-12-03 19:46:26.149093+00
asian inpspired bars,2024-12-03 19:46:14.556559+00
christmas themed eats near bryant park,2024-12-02 16:40:46.149269+00
caffe pana,2024-12-01 02:31:44.807562+00
bars for girls night,2024-11-26 16:41:02.382205+00
boba tea,2024-11-25 23:09:49.790621+00
6 person dinner chelsea,2024-11-23 22:08:49.338059+00
book shop,2024-11-23 19:27:36.782679+00
art gallery,2024-11-20 06:09:36.895445+00
chai 柴院 | authentic chinese restaurant,2024-11-19 22:06:52.996741+00
chai authentic chinese,2024-11-19 22:05:43.540805+00
comedy,2024-11-19 13:59:16.926928+00
barbuto,2024-11-18 23:45:20.663302+00
bar primi,2024-11-18 18:13:23.326406+00
brunch vibes,2024-11-17 14:46:43.052654+00
chill indie cafes you can work out of all day,2024-11-17 07:10:51.472007+00
chicago,2024-11-16 20:51:48.472659+00
chocolate croissant,2024-11-16 18:35:21.274059+00
cabra,2024-11-16 15:54:27.572804+00
"37 greenpoint avenue, suite 212 brooklyn new york",2024-11-16 15:25:37.628343+00
bagel,2024-11-16 15:08:52.669908+00
bala wellness,2024-11-14 21:28:55.034576+00
coffee in soho,2024-11-13 03:52:14.053793+00
american food,2024-11-12 23:36:59.949075+00
1970 vibe,2024-11-12 23:14:11.072049+00
bar for dancing,2024-11-12 19:42:51.202335+00
asian fusion cocktails,2024-11-12 19:40:09.877764+00
70s,2024-11-12 14:51:42.964696+00
cafe turkiye,2024-11-12 06:23:16.845522+00
asian street food,2024-11-11 20:03:07.769121+00
cafe williamsburg,2024-11-10 12:13:54.245294+00
bar with friend to talk,2024-11-10 03:44:12.497167+00
asian cafes to cowork,2024-11-10 03:05:41.443268+00
bondst,2024-11-10 01:06:22.17157+00
cheap omakase,2024-11-09 23:39:58.448038+00
best restaurants in queens,2024-11-09 18:59:29.319492+00
chill bar to read,2024-11-09 17:26:43.493336+00
asian fashion,2024-11-08 21:25:10.477747+00
casual restaurant,2024-11-07 19:00:39.070509+00
cafes to cowork,2024-11-06 04:11:08.791823+00
bars with mockysils,2024-11-06 04:10:50.144187+00
birthday party bar,2024-11-06 01:03:03.472166+00
art gallery guide,2024-11-05 15:06:40.281155+00
comforting,2024-11-05 12:01:14.212457+00
bars with a nice outdoor area near soho,2024-11-04 22:34:06.347363+00
casual lunch,2024-11-03 19:09:26.076982+00
24hour diner,2024-11-03 05:43:17.617849+00
casual food,2024-11-01 22:09:06.274121+00
banh,2024-11-01 21:57:08.733962+00
affordable dinner,2024-11-01 21:56:55.113151+00
brooklyn whisk,2024-11-01 20:35:26.546135+00
atx,2024-10-30 01:32:31.654957+00
caffe,2024-10-27 08:03:14.917362+00
chinese vegan,2024-10-25 21:33:39.180338+00
chinese with vegan options,2024-10-25 21:32:42.217729+00
bottomless mimosa nyc,2024-10-24 15:32:21.465452+00
brunch nyc,2024-10-24 15:30:27.303653+00
best bottomless mimosas in nyc,2024-10-24 15:27:17.308587+00
blank street coffee,2024-10-24 02:54:12.349131+00
best chai latte,2024-10-22 18:02:54.077799+00
chicken parm,2024-10-22 02:52:25.475799+00
coworking cafe,2024-10-22 02:05:30.72851+00
assembly,2024-10-21 14:33:36.982279+00
burger new york,2024-10-20 21:01:16.786161+00
beer outside,2024-10-20 18:22:58.93655+00
cafe to get work done,2024-10-20 04:03:17.999592+00
burritos,2024-10-19 21:56:59.548369+00
bar with outdoor space,2024-10-19 18:33:00.976981+00
anne thomas paris,2024-10-18 23:04:47.434662+00
cozy date night spot for two,2024-10-18 19:19:48.045552+00
cafe to cowork,2024-10-17 18:44:41.551528+00
cafes to work in,2024-10-17 18:40:38.007841+00
coffee to cowork,2024-10-17 00:56:45.453968+00
club dance,2024-10-16 21:23:09.200689+00
bali,2024-10-16 01:55:02.878035+00
californian,2024-10-16 01:49:29.674692+00
cocina consuelo,2024-10-14 21:25:58.437042+00
brunch near me,2024-10-13 15:29:59.946409+00
calm vibey breakfast spot,2024-10-13 14:08:37.591643+00
bars to go dancing,2024-10-13 01:10:49.236369+00
cocktail vibey,2024-10-12 23:59:39.793116+00
corner,2024-10-12 19:27:41.448001+00
best places to visit with family,2024-10-11 06:13:46.716798+00
cafe work,2024-10-10 18:12:23.246021+00
best pita bread,2024-10-10 01:23:57.912624+00
cafe thats also a flower shop,2024-10-09 11:44:52.755203+00
clothing shop near alpha industirs,2024-10-08 22:14:40.739309+00
crazy experiences,2024-10-08 22:06:39.820768+00
breakfast date,2024-10-08 15:43:02.431429+00
coworking spot upper west side,2024-10-08 14:58:29.140734+00
about last night,2024-10-07 15:57:05.07441+00
cheap breakfast,2024-10-07 14:08:53.569473+00
casual date spot,2024-10-06 00:39:47.739383+00
cha&,2024-10-05 21:26:59.313459+00
coworking bar,2024-10-05 19:05:21.17365+00
brunch san francisco,2024-10-05 14:07:59.126268+00
bar with cozy vibes,2024-10-05 00:53:45.018817+00
cheap dinner for one,2024-10-04 21:08:04.418583+00
cafe luluc,2024-10-04 18:07:02.527772+00
cafes to work in midtown,2024-10-03 16:55:30.663551+00
acai,2024-10-03 12:20:48.119505+00
chicken,2024-10-02 23:02:23.959978+00
co-work spots brooklyn ny,2024-10-01 03:53:31.881025+00
cookie,2024-10-01 00:26:38.12407+00
coffee shops to cowork from,2024-09-30 19:05:31.102904+00
bubble tea,2024-09-29 22:52:52.060371+00
cafe nearby,2024-09-29 19:17:24.269965+00
cafe nearby open till 6,2024-09-29 19:17:16.606871+00
cafe tk do work at,2024-09-29 17:49:06.094408+00
brunch spots in manhattan,2024-09-29 01:42:42.364093+00
bay ridge,2024-09-29 01:27:57.330407+00
barbeque,2024-09-28 20:19:17.890275+00
casual authentic restaurants,2024-09-27 21:52:05.612906+00
cafe w patio,2024-09-26 13:21:06.070145+00
chocolate crossaint,2024-09-24 15:51:14.577465+00
caffe martini,2024-09-23 20:30:57.32528+00
anniversary dinner,2024-09-23 19:59:10.810082+00
big lunch casual,2024-09-22 16:54:19.155824+00
bahn mi saigon,2024-09-21 18:42:22.976474+00
boozy brunch,2024-09-21 16:27:04.101793+00
brunch in flat iron,2024-09-21 01:06:39.390329+00
cafés to co-work from,2024-09-20 14:03:50.173252+00
billet cafe mapo,2024-09-19 23:50:54.194968+00
chill restaurant,2024-09-19 14:33:25.19876+00
blend,2024-09-18 01:12:58.980254+00
coffee where you can chat,2024-09-16 22:01:23.015053+00
berlin mini golf and bumper boats,2024-09-16 12:43:47.981656+00
cafe near me,2024-09-15 22:04:23.760371+00
boba drinks,2024-09-15 20:18:26.539276+00
asian dinner,2024-09-14 17:37:55.424798+00
breakfast burrito,2024-09-14 16:03:00.892272+00
brunch in manhattan,2024-09-14 14:31:19.892437+00
columbia sweetgreen,2024-09-14 01:02:59.202195+00
cheap good food,2024-09-13 22:48:53.679512+00
cafe for talking with a friend,2024-09-13 14:22:59.335667+00
best bars in grammercy,2024-09-12 21:41:00.754846+00
beso,2024-09-12 10:08:33.865636+00
bluestone lane,2024-09-11 22:07:05.079302+00
booth,2024-09-11 17:56:38.948746+00
brewery,2024-09-11 17:37:03.735512+00
2b2y,2024-09-09 17:08:47.657247+00
cafe for working,2024-09-09 16:47:45.399863+00
antidote,2024-09-08 15:21:21.040427+00
bar bam,2024-09-08 13:27:55.394457+00
authentic mexican,2024-09-07 22:07:48.851511+00
asuka,2024-09-07 00:23:01.598238+00
bar first date,2024-09-07 00:12:36.651234+00
best sushi,2024-09-06 22:09:42.977127+00
bar with outdoor seating,2024-09-06 20:33:22.033471+00
astrology themed bar,2024-09-06 18:23:11.460628+00
coffee shops with good flavors,2024-09-06 16:45:23.272382+00
comedy club,2024-09-06 01:13:47.66879+00
coffee shop for working,2024-09-05 18:13:59.386445+00
casa mono,2024-09-05 14:27:55.433576+00
cara vintage,2024-09-05 13:03:24.49599+00
best bars in nyc,2024-09-05 04:08:46.327898+00
casual wine bar,2024-09-04 23:49:19.414286+00
cocktails on a patio,2024-09-04 20:04:13.593235+00
breakfast brunch,2024-09-04 19:11:05.068202+00
cool and edgy,2024-09-04 19:05:39.942507+00
coffee near midtown east for a date thats not a date,2024-09-04 14:09:22.452315+00
cold plunge,2024-09-04 02:07:02.018828+00
albania,2024-09-03 16:54:30.857806+00
best weworks,2024-09-03 14:35:49.721777+00
affordable restaurant to meet a friend after work,2024-09-03 12:31:33.429999+00
acai bowls,2024-09-03 12:04:33.839867+00
cafes to cowork from,2024-09-03 00:02:38.453036+00
asian inspired cafe,2024-09-02 23:47:34.676483+00
best burger spots,2024-09-02 23:38:53.882821+00
clothing stores that skew a bit gay,2024-09-02 23:35:03.738083+00
bars with disco balls,2024-09-02 23:31:42.957597+00
coworking space,2024-09-02 05:18:36.949339+00
coffee shops with wifi,2024-09-01 11:51:53.874309+00
best cocktail bars,2024-08-31 01:47:37.669192+00
cool brunch and lunch spot,2024-08-31 00:14:42.540767+00
cozy cofeeshop,2024-08-30 22:34:24.824588+00
brunch diner,2024-08-30 14:10:03.593161+00
bars to cowork from,2024-08-29 19:26:56.05006+00
bars to work from,2024-08-29 19:15:25.396865+00
brookly,2024-08-27 21:00:42.545807+00
brunch spots,2024-08-25 14:05:05.731086+00
cafe regular,2024-08-25 05:02:23.818003+00
buvette,2024-08-25 05:00:48.137687+00
a bar where we can read,2024-08-24 18:20:29.272747+00
cafe with wifi,2024-08-24 17:16:14.315512+00
cafe pastries lunch,2024-08-24 14:00:58.029271+00
cafes pastries lunch spots,2024-08-24 14:00:37.419162+00
7th street burger,2024-08-24 07:49:40.519704+00
boozy brunch bedstuy,2024-08-24 03:19:33.462382+00
asian dessert,2024-08-24 00:49:19.220216+00
bars with outdoor seating,2024-08-23 22:52:05.494991+00
coffee for vc meeting,2024-08-23 16:13:56.107441+00
coffee for work meeting,2024-08-23 16:09:43.110422+00
bathhouse,2024-08-22 21:36:46.444159+00
coffee shops to work from,2024-08-22 14:56:10.764853+00
coffee work,2024-08-22 14:55:49.905691+00
cha,2024-08-21 21:35:00.73088+00
chinese restaurant,2024-08-21 21:12:26.493651+00
brunch in lower east,2024-08-21 18:31:06.419335+00
3 years in date but not too fancy,2024-08-21 02:17:29.45822+00
bars near lincoln center,2024-08-20 19:58:25.831526+00
birthday dinner nyc,2024-08-20 17:47:38.258928+00
cafes with wifi,2024-08-20 14:28:21.408807+00
avocado toast,2024-08-20 13:25:58.360568+00
clothes shopping,2024-08-18 20:01:07.648347+00
citi bike,2024-08-18 02:09:03.796905+00
blind lisbon,2024-08-17 23:46:22.51371+00
cozy coffee,2024-08-17 19:36:00.434116+00
best places to dance,2024-08-17 05:25:08.120751+00
angels sha,2024-08-17 04:31:30.70886+00
astrology themed bars!,2024-08-17 00:53:41.171962+00
cafes with flowers,2024-08-17 00:44:00.751231+00
astrology themed bars,2024-08-17 00:18:40.262116+00
astrology themed cocktails,2024-08-17 00:15:02.823797+00
cool places to dance,2024-08-17 00:00:51.299997+00
cocktail bars,2024-08-16 22:50:43.934641+00
cocktail bars for a date,2024-08-16 22:49:51.138242+00
best hotel lobbys to work out of,2024-08-16 15:24:54.051529+00
cookie dough,2024-08-16 06:09:05.525991+00
best speakeasy near me,2024-08-15 21:28:03.340617+00
afrobeats in nyc,2024-08-15 19:12:57.225453+00
boba nyc,2024-08-15 07:06:02.899374+00
cant get into 4 charles prime rib,2024-08-14 19:46:52.988654+00
cant get into carbone,2024-08-14 19:46:09.86935+00
cannes boat,2024-08-14 18:22:33.723916+00
coffee shops for a first date,2024-08-14 17:23:58.337585+00
cafes for coworking,2024-08-13 17:58:00.846664+00
cowork by central park,2024-08-13 13:51:19.87467+00
best hotels,2024-08-12 20:02:39.853393+00
carousel,2024-08-12 00:50:05.792262+00
christmas vibe in new york,2024-08-11 21:41:29.39385+00
bacon egg and cheese,2024-08-10 20:57:14.60642+00
cilantro,2024-08-10 20:10:44.358735+00
best french toast,2024-08-10 13:26:22.053903+00
brunch date in union square or lower manhattan,2024-08-10 11:57:58.506087+00
coworking nyc,2024-08-09 23:30:57.224111+00
best matcha,2024-08-09 21:53:12.171477+00
brooklyn yard,2024-08-08 08:27:43.759348+00
comforting korean food in seoul korea,2024-08-07 18:30:35.515453+00
clothing or furnite stores with cafes,2024-08-07 05:58:45.616514+00
coffeshop,2024-08-06 22:40:18.963684+00
bilt,2024-08-06 18:56:39.982262+00
asian food in fidi,2024-08-05 23:26:22.116007+00
best places to study,2024-08-05 21:30:19.938264+00
chencao,2024-08-04 23:47:40.992448+00
@chencao,2024-08-04 23:44:43.476123+00
@chencao paris,2024-08-04 23:40:07.658495+00
cafes with private wifi,2024-08-04 17:39:18.321134+00
best dirty martini ,2024-08-04 03:16:37.622669+00
chilled desserts,2024-08-03 18:37:55.522254+00
brunch with a group of friends,2024-08-02 23:41:43.455106+00
brunch ,2024-08-02 23:14:17.160853+00
best old fashioned ,2024-08-02 20:53:03.155588+00
cool snacks,2024-08-02 18:57:39.481706+00
abraco,2024-08-02 16:28:35.088793+00
bao,2024-08-02 16:28:11.05341+00
acai bowl,2024-08-02 13:37:22.99636+00
bar in seattle,2024-08-01 19:05:28.310481+00
boba study,2024-07-31 19:19:37.381725+00
asian coffee,2024-07-31 12:27:03.974809+00
best cocktails,2024-07-31 01:30:51.798083+00
coctails,2024-07-31 01:30:26.059025+00
cozy coffeeshop,2024-07-30 15:56:45.964521+00
coffee meeting,2024-07-29 19:44:04.094952+00
cheap sushi,2024-07-28 19:54:41.497681+00
comfort food,2024-07-28 19:28:21.055903+00
coffee and work,2024-07-28 15:35:46.729007+00
cold noodles,2024-07-27 22:29:54.297843+00
bibimbap,2024-07-27 21:44:03.702207+00
brunch on a Brooklyn summer,2024-07-27 13:04:46.726697+00
clubs with a dance floor,2024-07-27 03:49:03.550821+00
arcade bars k town,2024-07-26 19:34:52.416174+00
313 vintage,2024-07-26 17:46:19.339152+00
bar for casual party,2024-07-26 02:55:26.511766+00
cocktail bars for large group,2024-07-26 02:52:17.390494+00
cowork in dumbo,2024-07-25 04:40:52.314277+00
95 rpm coffee,2024-07-24 17:56:20.015491+00
cocktail bar ,2024-07-24 12:19:45.879699+00
cafe that opens late,2024-07-23 19:23:08.284097+00
best pizza with views,2024-07-22 21:51:35.071777+00
cheap birthday,2024-07-22 20:23:32.016551+00
beekman new york,2024-07-21 23:05:36.545415+00
a nice sunday morning shopping and eating,2024-07-21 16:41:59.929543+00
breakfast near grand central,2024-07-21 14:08:17.04045+00
chinatown bar,2024-07-20 23:29:06.17226+00
bar ,2024-07-20 23:28:45.677942+00
cozy coffee shops,2024-07-20 17:29:12.298346+00
american,2024-07-19 22:15:42.197677+00
bowls,2024-07-19 16:48:56.172796+00
chill weeknight dinner,2024-07-19 02:36:46.060182+00
athens,2024-07-18 21:57:48.754651+00
anniversary dinner ,2024-07-18 12:05:58.846617+00
cozy big windows,2024-07-18 11:13:47.382428+00
Bosco sodi,2024-07-17 20:45:23.45321+00
coffee shop for reading,2024-07-17 17:39:55.14208+00
authentic ramen,2024-07-17 13:52:41.481113+00
cacio e pepe,2024-07-16 21:03:39.552865+00
big salad,2024-07-16 21:03:34.680777+00
cool under the radar dinner spot,2024-07-16 14:05:45.195012+00
cool undiscovered,2024-07-16 14:04:59.301448+00
camping,2024-07-15 22:31:44.371819+00
australian,2024-07-13 22:05:21.493301+00
courtyard,2024-07-13 21:03:04.603583+00
cafe where i can work,2024-07-13 17:53:13.949472+00
bars ,2024-07-13 17:08:27.124771+00
brunch fancy,2024-07-12 23:46:51.063455+00
burger and fries,2024-07-12 21:59:39.139861+00
bar with basement,2024-07-12 17:17:12.557961+00
bar with 2 floors,2024-07-12 17:16:43.900156+00
chill but cool bar for a date,2024-07-12 00:17:56.447454+00
brunch with reservations,2024-07-11 20:07:27.596891+00
cafe panna,2024-07-11 19:53:17.76867+00
cozy cafes,2024-07-11 06:55:36.199147+00
cool edgy restaurant ,2024-07-10 19:42:01.597696+00
birthday card,2024-07-10 16:44:13.820485+00
"520 W 43rd Street #7K, Manhattan, NY 10036 dog run near here",2024-07-10 07:44:07.053991+00
chill bar,2024-07-09 22:53:40.975441+00
coffee shop to work fro,2024-07-09 19:04:23.805497+00
cafes near union sq,2024-07-09 14:57:04.100053+00
chicken bar,2024-07-09 00:09:38.719908+00
brunch in williamsburg,2024-07-08 19:26:32.688865+00
$1 pizza,2024-07-07 03:11:47.138884+00
a cool rooftop,2024-07-07 01:54:55.052419+00
cody,2024-07-06 18:16:08.757705+00
bars with dancing,2024-07-06 12:45:40.059021+00
breakfast really fancy,2024-07-05 20:19:26.352957+00
bars for drinks and bites,2024-07-05 19:34:28.687971+00
bars for dancing,2024-07-05 19:33:56.939979+00
bar with dancing,2024-07-05 17:37:46.750494+00
clarks,2024-07-05 14:31:50.702037+00
buck mason,2024-07-05 04:15:34.949571+00
coworking argentina,2024-07-04 00:07:04.50142+00
cocktail bars to throw a party,2024-07-03 22:40:10.234586+00
center for fiction,2024-07-03 21:48:37.471804+00
buckwheat noodles soba,2024-07-03 18:30:35.34326+00
cozy cafe ,2024-07-03 15:23:37.768349+00
chill lunch spots,2024-07-03 14:34:05.264461+00
casual date night meal in east williamsburg,2024-07-03 11:28:59.900743+00
coffee with seating,2024-07-03 00:28:10.51489+00
cafe for coworking,2024-07-02 16:45:04.044501+00
bohemia,2024-06-30 21:30:18.657867+00
Apotheke NoMad,2024-06-30 16:11:21.821258+00
cosy cafe,2024-06-30 14:39:51.122445+00
cafe to read,2024-06-29 23:43:02.722877+00
coffee with outdoor patio,2024-06-29 17:24:33.606108+00
chill cocktails,2024-06-29 01:07:40.74921+00
coperni,2024-06-28 02:06:10.714731+00
american dinner,2024-06-27 23:46:30.036566+00
coffee shops to work out of,2024-06-27 18:17:14.675707+00
bayard sushi,2024-06-27 03:15:21.666883+00
bahn mi,2024-06-26 17:10:47.008161+00
casual vibey cocktails,2024-06-26 04:05:01.688952+00
beer garden,2024-06-26 01:52:46.406376+00
affordable dinner spots,2024-06-26 00:12:01.483396+00
bar and bites,2024-06-25 22:28:09.192717+00
best thai food,2024-06-25 04:13:09.315812+00
cafe leah,2024-06-24 19:59:27.053956+00
bar with chill vibes,2024-06-22 23:28:49.254299+00
chill bars,2024-06-22 23:28:14.04447+00
asian drinks,2024-06-22 22:42:46.714613+00
cafe  tea,2024-06-22 20:08:19.889956+00
cafe ,2024-06-22 20:07:56.610242+00
bright cafe laptop,2024-06-22 15:08:07.032852+00
casual first date,2024-06-21 19:33:29.45649+00
casual first date drinks but not too fancy,2024-06-20 15:59:31.229358+00
casual first date but not too fancy,2024-06-20 15:59:14.19652+00
breakfast near the met,2024-06-20 02:13:46.324006+00
brooklyn cafes,2024-06-20 02:05:27.739964+00
cafes in sf,2024-06-19 14:04:49.894125+00
bagels brooklyn,2024-06-16 23:29:16.863365+00
bagels nyc,2024-06-16 23:22:57.663659+00
cafe new york,2024-06-16 23:16:13.239178+00
comfy,2024-06-16 20:24:20.300515+00
coffee chat,2024-06-16 14:38:36.144895+00
crepes,2024-06-15 16:28:19.089079+00
catfish,2024-06-07 19:43:42.01183+00
affogato,2024-06-07 07:21:16.574312+00
cheap comfort food,2024-06-06 21:04:51.712316+00
787 coffee,2024-06-04 12:01:11.075429+00
calm sit down breakfast place,2024-06-02 16:26:04.200219+00
boutique,2024-05-31 15:06:35.721352+00
avocado,2024-05-29 18:06:23.510765+00
celebration,2024-05-29 16:25:30.035261+00
arab,2024-05-27 17:59:51.177071+00
central park cafe,2024-05-26 19:58:07.671491+00
cafes to co-work from,2024-05-26 19:54:34.864935+00
corona,2024-05-25 02:00:41.025104+00
authentic korean homestyle classics,2024-05-22 02:55:51.83295+00
art museum/gallery,2024-05-22 02:16:31.571353+00
aoyama farmers market,2024-05-21 00:24:20.225743+00
cafes with free wifi,2024-05-20 21:36:47.019595+00
black owned restaurant,2024-05-18 21:37:22.329017+00
chocolate chip cookie,2024-05-18 20:22:38.242318+00
bunch,2024-05-18 16:10:32.586625+00
bar kinky,2024-05-17 16:17:25.685743+00
concentrate and get work done,2024-05-15 19:03:49.102498+00
bachelorette dinner,2024-05-14 03:09:45.865257+00
cronut,2024-05-14 01:31:20.849186+00
clothes,2024-05-13 18:03:58.895754+00
coworker,2024-05-12 23:31:18.125987+00
best indian food,2024-05-12 23:22:32.301317+00
casual outdoor drinks,2024-05-11 21:36:11.976876+00
affordable dinner with good prices,2024-05-10 18:37:23.907476+00
budget dinner,2024-05-09 22:32:08.025224+00
coffee popup,2024-05-09 17:14:55.405177+00
cafe grumpy,2024-05-09 17:14:14.051988+00
bar pitti,2024-05-08 22:50:08.285601+00
cairo,2024-05-08 19:07:23.114593+00
annae,2024-05-07 04:40:53.308966+00
cheerful,2024-05-07 01:06:04.135967+00
californian food,2024-05-06 15:56:03.453733+00
coffeeshop,2024-05-06 10:53:15.028734+00
acai chicago,2024-05-06 01:17:30.348574+00
cafes for working,2024-05-05 15:50:10.219621+00
affordable dinner in nyc,2024-05-04 15:34:05.554833+00
coffee shpp,2024-05-04 14:25:56.283775+00
beer,2024-05-03 00:06:01.471286+00
authentic,2024-05-02 23:32:12.495956+00
breakfast around west villge,2024-05-02 23:23:37.843961+00
candlelit dinner,2024-05-01 18:53:46.237521+00
alterations,2024-05-01 18:49:57.308667+00
cafés to co-work from that has dull lighting and loud music,2024-05-01 13:03:58.010728+00
chill cafes,2024-05-01 04:07:40.623221+00
ample space,2024-04-30 03:01:50.6001+00
adorable,2024-04-28 13:44:37.230589+00
cozy cafe to study,2024-04-28 09:57:02.66623+00
best pastry,2024-04-27 04:47:32.114905+00
chinatown food,2024-04-25 20:25:23.532449+00
chill lounge thats beatiful,2024-04-24 02:21:49.473238+00
bar for a first date,2024-04-22 22:48:50.798045+00
clean,2024-04-21 18:31:49.603574+00
"a special place for dinner, its gotta he authentic, or trendy, or weird",2024-04-20 22:21:01.4365+00
contemporary,2024-04-20 01:48:35.954625+00
cafe in midtown,2024-04-18 17:30:14.141124+00
coffee to work at,2024-04-18 16:07:52.543266+00
best food near fairmont san francisco,2024-04-18 09:13:55.102214+00
birthday party spots,2024-04-18 00:53:08.545628+00
cheap solo eats,2024-04-18 00:42:15.771937+00
cafe near moma in nyc,2024-04-17 13:42:54.835777+00
barcelona,2024-04-17 13:26:38.290754+00
calm classy dinner spots,2024-04-16 22:01:59.733265+00
before dinner drinks,2024-04-16 20:17:59.890353+00
cafes in soho,2024-04-16 01:00:19.839329+00
afternoon snack,2024-04-15 20:53:02.528151+00
after work,2024-04-15 20:48:00.795266+00
coffee shop with seating,2024-04-12 21:21:05.484397+00
chic,2024-04-12 08:46:43.364046+00
coffee shop asian drinks,2024-04-10 17:54:27.304322+00
coffee shop late night wifi,2024-04-10 15:25:54.647346+00
asian coffee shop,2024-04-10 15:24:07.391054+00
cool outdoor bar,2024-04-09 21:41:07.307939+00
bars that also do food,2024-04-09 21:29:30.834131+00
bars that also do food in nomad,2024-04-09 21:29:14.325498+00
cafe with backyard,2024-04-09 15:13:37.044499+00
cafe work food,2024-04-09 14:13:37.937424+00
cafe dogs work,2024-04-09 14:12:46.006788+00
community,2024-04-09 02:17:20.652337+00
best bakery near me,2024-04-08 18:41:55.244753+00
best place to stay in nyc,2024-04-08 18:40:42.367532+00
coffee shop with good music,2024-04-08 17:45:47.641599+00
best coffee near me,2024-04-08 14:45:58.16885+00
bars to bring food to,2024-04-07 01:19:36.016314+00
board game shop,2024-04-06 18:36:51.748128+00
chill but trendy dinner,2024-04-05 23:20:52.052403+00
c offee,2024-04-05 15:28:11.591517+00
calm,2024-04-04 16:22:38.487841+00
beer bar,2024-04-03 17:26:39.823807+00
classy cheap spots for dinner,2024-04-02 22:56:49.428018+00
classy sit down cheap spots for dinner,2024-04-02 22:55:57.583645+00
bright cafe with outlets,2024-04-01 18:10:37.730314+00
casual drinks,2024-03-31 15:52:37.333286+00
cozy wine bar,2024-03-30 22:57:56.940209+00
cheap tasting menu,2024-03-30 22:53:28.906871+00
bar chill,2024-03-30 22:51:28.412222+00
arabic,2024-03-30 21:34:59.191676+00
breakfast diner,2024-03-30 13:51:32.415277+00
clay pot rice,2024-03-29 22:03:52.343545+00
chopped cheese,2024-03-29 20:58:07.583112+00
celebrity,2024-03-29 20:05:46.322089+00
bamboo steamer,2024-03-29 18:32:37.638053+00
co work,2024-03-28 19:35:13.068649+00
come back,2024-03-28 00:30:42.16426+00
casual place for dinner,2024-03-27 13:27:52.038333+00
bar to meet people,2024-03-27 13:27:36.790911+00
chocolate babka,2024-03-25 21:43:32.379373+00
brunch with a group,2024-03-25 01:42:07.518206+00
bakery cozy,2024-03-24 15:38:19.811595+00
bar dance,2024-03-23 22:42:42.458496+00
casual breakfast,2024-03-23 20:04:36.164659+00
cocktsip bar,2024-03-22 20:58:11.991688+00
beef and broccoli,2024-03-22 20:29:11.548385+00
cafés to meet and chat,2024-03-19 12:32:51.018007+00
bodega,2024-03-18 02:39:08.247714+00
arabica,2024-03-17 16:25:23.473952+00
camera,2024-03-16 18:58:02.382125+00
all day breakfast,2024-03-16 16:55:41.901776+00
artsy,2024-03-16 07:14:08.557627+00
club nyc,2024-03-15 23:55:40.57467+00
beers,2024-03-15 23:00:52.21855+00
buzzy,2024-03-15 08:06:06.342687+00
casual fast,2024-03-13 21:51:57.993565+00
cheap pasta,2024-03-13 21:45:50.605619+00
bar to dance,2024-03-10 03:05:10.827522+00
cozy beer,2024-03-09 22:40:44.760147+00
cozy pub,2024-03-09 22:30:58.045025+00
chill bar to get beers west village,2024-03-09 19:49:48.867113+00
couches,2024-03-08 17:34:00.637297+00
bar for date,2024-03-07 04:31:50.501174+00
bar with food,2024-03-07 04:11:44.29258+00
coffee for date,2024-03-06 10:26:17.734361+00
bicyclette,2024-03-03 15:55:39.814012+00
couch cafe,2024-03-03 15:50:56.769+00
black owned bars,2024-03-03 03:22:25.384025+00
chicken and waffels,2024-03-02 17:39:30.785533+00
austin,2024-02-29 19:19:25.781142+00
activities in nyc,2024-02-29 12:48:24.33696+00
coppola,2024-02-27 15:18:32.436455+00
bottomless brunch,2024-02-25 18:43:39.459019+00
aroma cafe,2024-02-24 20:18:32.183508+00
casual burger beer,2024-02-24 19:51:56.911388+00
brunch with friends,2024-02-22 22:20:16.617411+00
cheap bar for date,2024-02-21 01:56:37.567058+00
bar with cheap wine,2024-02-21 01:49:57.820064+00
cafes near lincoln center,2024-02-20 15:46:43.765157+00
burmese,2024-02-19 20:41:04.171689+00
butmese,2024-02-19 20:40:51.041674+00
bi level,2024-02-19 17:51:09.50349+00
cookies,2024-02-19 16:23:43.753453+00
camera shop,2024-02-18 21:43:41.70272+00
blind boxes,2024-02-18 20:53:43.123509+00
charming,2024-02-17 15:34:23.725705+00
bday,2024-02-16 21:02:50.413949+00
coffee shop with wifi,2024-02-16 14:36:35.031279+00
chicken tenders,2024-02-15 21:28:17.829173+00
apple store,2024-02-14 16:05:10.473357+00
cheap bar first date,2024-02-12 00:21:42.959085+00
bars for a date,2024-02-12 00:06:15.901223+00
ceramics,2024-02-10 21:14:24.290442+00
baking supplies,2024-02-10 20:06:10.987516+00
baking supploes,2024-02-10 20:03:15.135898+00
baking,2024-02-10 19:35:08.566934+00
coffee work spot,2024-02-10 14:32:26.823023+00
chill brunch,2024-02-10 04:12:49.000295+00
corkbuzz,2024-02-09 21:12:02.919863+00
bar union square,2024-02-09 20:51:50.236654+00
blueberry pancakes,2024-02-09 20:25:05.497657+00
alone,2024-02-08 22:29:25.977369+00
brunch japanese,2024-02-08 19:21:37.864287+00
cafe for a date french,2024-02-08 17:30:13.530868+00
cheap pizza,2024-02-07 22:58:06.025022+00
cool activities,2024-02-06 18:38:01.050743+00
bars with food,2024-02-06 16:28:50.761146+00
cafe for a night date,2024-02-05 17:32:55.247025+00
cafes like cafe reggio,2024-02-05 17:31:13.297+00
co working,2024-02-04 23:48:41.218076+00
asian fusion,2024-02-04 23:21:04.598599+00
cafe to read at,2024-02-03 16:41:12.437346+00
bar with pool,2024-02-03 13:55:42.465375+00
biang biang noodles,2024-02-02 23:17:37.394306+00
biang biang boodles,2024-02-02 23:16:42.320962+00
burger brooklyn,2024-01-31 22:08:21.106897+00
casual burger,2024-01-31 21:36:40.589564+00
bia,2024-01-30 22:45:08.88618+00
banh mi,2024-01-30 20:15:27.71365+00
coffee shop working,2024-01-30 14:40:29.678508+00
bar to play pool,2024-01-30 01:53:37.337329+00
bar for a date in williamsburg walking diztance from south greenpoint,2024-01-30 01:44:40.033544+00
breakfast in new york,2024-01-29 16:57:04.862686+00
breakfast nyc,2024-01-29 16:55:35.607058+00
australian breakfast,2024-01-29 06:09:40.231683+00
breakfast work,2024-01-29 06:05:53.843667+00
brealfast,2024-01-29 06:05:30.172182+00
bookstore bar,2024-01-28 01:29:23.650929+00
cafe bar,2024-01-28 01:28:14.195504+00
boardgame cafe,2024-01-28 00:29:04.048372+00
"156 delancey st, new york, ny 10002, united states",2024-01-27 19:11:57.392007+00
coffee to work inside with my dog,2024-01-27 18:19:03.628602+00
cool place in chinatown,2024-01-27 01:49:45.718861+00
blue hill,2024-01-26 02:02:24.103115+00
cake shop near me,2024-01-25 00:17:04.510151+00
cheap bar,2024-01-24 22:26:39.596042+00
chicken parmesan,2024-01-24 00:07:18.212974+00
acme,2024-01-23 22:41:28.379289+00
cafe couch,2024-01-22 15:49:03.80459+00
board games cafe,2024-01-21 22:14:20.744147+00
brooklyn,2024-01-21 03:43:26.464845+00
best dumplings in chinatown,2024-01-21 00:12:26.963638+00
burgers,2024-01-20 23:06:18.538934+00
broadway,2024-01-20 21:12:02.142879+00
chill happy hour,2024-01-20 20:40:52.768098+00
bushwick,2024-01-20 20:40:35.554423+00
bushwi,2024-01-20 20:40:32.233812+00
cozy lunch,2024-01-20 17:17:40.972895+00
chill but delicious food eoth friend,2024-01-19 16:44:11.779668+00
cheap cocktail bar,2024-01-18 19:35:52.710163+00
bar date affordable young,2024-01-18 19:29:51.005916+00
bar date,2024-01-18 19:29:31.920601+00
cafe for studying,2024-01-18 17:41:35.704102+00
crispy rice,2024-01-17 15:48:47.19259+00
cafe close to bryant park,2024-01-17 14:52:30.996897+00
congee,2024-01-16 19:34:48.965904+00
cool bar too catch yo with friends,2024-01-14 02:55:15.388165+00
boulevardier,2024-01-11 22:05:07.109753+00
cool place to grab a small bite to eat,2024-01-10 22:58:33.778444+00
asian trendy,2024-01-10 19:21:00.64901+00
886,2024-01-10 19:19:52.092517+00
copenhagen,2024-01-09 23:37:16.216209+00
bar midtown,2024-01-09 15:29:50.980329+00
cheesecake,2024-01-09 12:30:45.775415+00
aesthetic cafes,2024-01-08 18:36:44.39618+00
country music,2024-01-04 05:46:03.94596+00
country,2024-01-04 05:43:34.802737+00
cph girl,2024-01-02 23:47:58.661684+00
client dinner,2024-01-02 23:11:03.299621+00
breakfast cute cozy,2024-01-02 13:46:58.522481+00
cafe with plants to work from cute brooklyn,2024-01-02 13:30:04.951692+00
cafe with plants to work from cute,2024-01-02 13:29:01.815385+00
cheap couple date,2024-01-02 06:06:45.883304+00
american breakfast,2024-01-01 18:15:23.801268+00
beautiful interior,2023-12-30 23:20:46.260922+00
baguette,2023-12-30 16:41:51.793354+00
cheese,2023-12-30 16:37:43.899433+00
best bar,2023-12-30 02:51:11.310488+00
casual eat,2023-12-28 22:00:03.132399+00
best matcha in the city,2023-12-26 04:35:09.621423+00
contemplative,2023-12-25 21:54:40.046748+00
best pizza on the upper east side,2023-12-24 02:27:54.804189+00
bar and arcade,2023-12-22 00:26:54.296975+00
bar cade,2023-12-22 00:26:42.494821+00
2023 new restaurants,2023-12-21 23:41:29.305606+00
best rating sushi,2023-12-21 10:50:47.836488+00
anime,2023-12-21 07:26:49.806394+00
10 west 10,2023-12-21 01:41:56.105327+00
cafes to cowork in noisily,2023-12-20 00:44:15.326306+00
art deco architecture,2023-12-18 16:47:49.461523+00
chill and cheap,2023-12-16 23:27:50.560219+00
afrobeats,2023-12-16 05:00:07.796907+00
abc book club,2023-12-16 00:56:56.531354+00
a walk in restaurant,2023-12-16 00:14:19.57891+00
casual bite,2023-12-14 22:33:28.905913+00
cheap beer,2023-12-14 19:27:04.528995+00
best noodles,2023-12-13 23:03:51.831601+00
book coffee,2023-12-13 19:28:45.808918+00
cool outdoor activites,2023-12-13 16:06:18.428238+00
christmas holiday,2023-12-12 23:35:53.968385+00
best sichuan,2023-12-12 20:59:58.792275+00
aesthetic,2023-12-10 19:13:16.413825+00
counter serve lunch,2023-12-10 16:05:14.350324+00
cafés to work from,2023-12-10 15:50:54.231798+00
butcher,2023-12-09 23:59:05.500543+00
chinese places,2023-12-09 23:23:21.512848+00
cheesecske,2023-12-09 21:50:34.190125+00
cafe to study in,2023-12-09 20:26:31.66902+00
coffee shop with seating and chill vibe,2023-12-09 13:25:57.868949+00
affordable brunch where i can get last-minute reservation,2023-12-09 12:37:55.421693+00
brunch where i can get last-minute reservation,2023-12-09 12:37:05.19973+00
cafe to sit at,2023-12-09 12:36:13.419846+00
cafe to study,2023-12-08 23:04:29.062814+00
cozy bookshop,2023-12-08 15:33:20.930932+00
best spa in italy,2023-12-08 02:55:58.707536+00
cafes/spaces to sit with a laptop for the morning/early afternoon in the winter,2023-12-07 23:52:42.661362+00
a good massage,2023-12-07 19:30:11.914603+00
cakes,2023-12-06 12:54:07.005717+00
brunch for vegetarian,2023-12-05 23:40:02.940716+00
cozy bowl of soup,2023-12-03 20:01:44.671332+00
breakfat,2023-12-03 17:37:15.074083+00
ciffee,2023-12-02 05:14:56.728451+00
bacan bistro,2023-12-02 04:50:11.421134+00
cozy date night spot that has non alcoholic options,2023-12-02 00:54:36.101015+00
cozy place to go at night,2023-12-02 00:52:54.778724+00
cool girl brunch,2023-12-01 20:56:52.061123+00
brothy,2023-12-01 15:53:54.061584+00
bar hopping,2023-11-30 16:37:27.861861+00
bar hop,2023-11-30 16:37:08.58931+00
cozy cafe for reading,2023-11-30 05:15:14.362625+00
cozy coffee shop to work from,2023-11-30 04:38:49.467901+00
breakfast sandwiches,2023-11-29 16:20:12.739614+00
coffee shop for meeting,2023-11-29 15:42:23.603216+00
adventure experience,2023-11-28 22:34:42.498266+00
cozy cafe for working,2023-11-28 17:13:19.485246+00
chill vibes,2023-11-28 02:56:53.57366+00
$5 beer dive bars that are busy but not well known,2023-11-27 03:41:52.382644+00
country bar,2023-11-25 05:33:04.165803+00
cafes that feel like romantic french movies,2023-11-24 19:58:25.914792+00
cafe with pastries,2023-11-23 16:14:20.434515+00
cool mens streetwear,2023-11-23 05:53:38.033881+00
casual asian dinner,2023-11-23 00:21:38.988872+00
cafe to grab a bite,2023-11-22 21:01:44.069554+00